tipo_archivo,numero,anio,fecha,clase_de_fila,subtipo_segun_titulo,titulo
Leyes,3,2026,29/07/2026,norma,Ley,"Ley 3/2026, de 29 de julio, de modificación de normas sobre el programa de cribado neonatal del Sistema Nacional de Salud y de otra normativa."
Leyes,2,2026,29/07/2026,norma,Ley,"Ley 2/2026, de 29 de julio, de modificación del Real Decreto Legislativo 8/2015, de 30 de octubre, por el que se aprueba el texto refundido de la Ley General de la Seguridad Social en relación con las mutualidades alternativas reguladas en sus disposiciones adicionales 18.ª y 19.ª."
Leyes,1,2026,08/04/2026,norma,Ley,"Ley 1/2026, de 8 de abril, integral de impulso de la economía social."
Leyes,1,2026,08/04/2026,correccion_de_errores,otro,"Corrección de errores de la Ley 1/2026, de 8 de abril, integral de impulso de la economía social."
Leyes,10,2025,26/12/2025,norma,Ley,"Ley 10/2025, de 26 de diciembre, por la que se regulan los servicios de atención a la clientela."
Leyes,9,2025,03/12/2025,norma,Ley,"Ley 9/2025, de 3 de diciembre, de Movilidad Sostenible."
Leyes,8,2025,29/09/2025,norma,Ley,"Ley 8/2025, de 29 de septiembre, por la que se modifican la Ley 48/1960, de 21 de julio, sobre Navegación Aérea, y la Ley 21/2003, de 7 de julio, de Seguridad Aérea."
Leyes,7,2025,28/07/2025,norma,Ley,"Ley 7/2025, de 28 de julio, por la que se crea la Agencia Estatal de Salud Pública y se modifica la Ley 33/2011, de 4 de octubre, General de Salud Pública."
Leyes,6,2025,28/07/2025,norma,Ley,"Ley 6/2025, de 28 de julio, de modificación de la Ley 19/1994, de 6 de julio, de modificación del Régimen Económico y Fiscal de Canarias, para la regulación de las inversiones en elementos patrimoniales afectos a la actividad de arrendamiento de vivienda en las Islas Canarias."
Leyes,5,2025,24/07/2025,norma,Ley,"Ley 5/2025, de 24 de julio, por la que se modifican el texto refundido de la Ley sobre responsabilidad civil y seguro en la circulación de vehículos a motor, aprobado por el Real Decreto Legislativo 8/2004, de 29 de octubre, y la Ley 20/2015, de 14 de julio, de ordenación, supervisión y solvencia de las entidades aseguradoras y reaseguradoras."
Leyes,4,2025,24/07/2025,norma,Ley,"Ley 4/2025, de 24 de julio, por la que se modifica la Ley 28/1990, de 26 de diciembre, por la que se aprueba el Convenio Económico entre el Estado y la Comunidad Foral de Navarra."
Leyes,3,2025,29/04/2025,norma,Ley,"Ley 3/2025, de 29 de abril, por la que se modifica la Ley 12/2002, de 23 de mayo, por la que se aprueba el Concierto Económico con la Comunidad Autónoma del País Vasco."
Leyes,2,2025,29/04/2025,norma,Ley,"Ley 2/2025, de 29 de abril, por la que se modifican el texto refundido de la Ley del Estatuto de los Trabajadores, aprobado por el Real Decreto Legislativo 2/2015, de 23 de octubre, en materia de extinción del contrato de trabajo por incapacidad permanente de las personas trabajadoras, y el texto refundido de la Ley General de la Seguridad Social, aprobado por el Real Decreto Legislativo 8/2015, de 30 de octubre, en materia de incapacidad permanente."
Leyes,1,2025,01/04/2025,norma,Ley,"Ley 1/2025, de 1 de abril, de prevención de las pérdidas y el desperdicio alimentario."
Leyes,7,2024,20/12/2024,norma,Ley,"Ley 7/2024, de 20 de diciembre, por la que se establecen un Impuesto Complementario para garantizar un nivel mínimo global de imposición para los grupos multinacionales y los grupos nacionales de gran magnitud, un Impuesto sobre el margen de intereses y comisiones de determinadas entidades financieras y un Impuesto sobre los líquidos para cigarrillos electrónicos y otros productos relacionados con el tabaco, y se modifican otras normas tributarias."
Leyes,6,2024,20/12/2024,norma,Ley,"Ley 6/2024, de 20 de diciembre, para la mejora de la protección de las personas donantes en vivo de órganos o tejidos para su posterior trasplante."
Leyes,5,2024,08/11/2024,norma,Ley,"Ley 5/2024, de 8 de noviembre, básica de bomberos forestales."
Leyes,4,2024,08/11/2024,norma,Ley,"Ley 4/2024, de 8 de noviembre, básica de agentes forestales y medioambientales."
Leyes,3,2024,30/10/2024,norma,Ley,"Ley 3/2024, de 30 de octubre, para mejorar la calidad de vida de personas con Esclerosis Lateral Amiotrófica y otras enfermedades o procesos de alta complejidad y curso irreversible."
Leyes,2,2024,01/08/2024,norma,Ley,"Ley 2/2024, de 1 de agosto, de creación de la Autoridad Administrativa Independiente para la Investigación Técnica de Accidentes e Incidentes ferroviarios, marítimos y de aviación civil."
Leyes,1,2024,07/06/2024,norma,Ley,"Ley 1/2024, de 7 de junio, por la que se regulan las enseñanzas artísticas superiores y se establece la organización y equivalencias de las enseñanzas artísticas profesionales."
Reales decretos,27,2026,29/09/2026,norma,Real Decreto-ley,"Real Decreto-ley 27/2026, de 29 de septiembre, por el que se adoptan medidas urgentes para reforzar la estabilidad de los contratos de arrendamiento de vivienda habitual."
Reales decretos,26,2026,29/09/2026,norma,Real Decreto-ley,"Real Decreto-ley 26/2026, de 29 de septiembre, por el que se adoptan medidas urgentes para la protección de la función social de la vivienda y la ampliación de la oferta de vivienda asequible."
Reales decretos,25,2026,29/09/2026,norma,Real Decreto-ley,"Real Decreto-ley 25/2026, de 29 de septiembre, por el que se adoptan y se prorrogan determinadas medidas en el marco del Plan Integral de Respuesta a la Crisis en Oriente Medio."
Reales decretos,24,2026,29/09/2026,norma,Real Decreto-ley,"Real Decreto-ley 24/2026, de 29 de septiembre, por el que se establecen medidas relacionadas con el plan de respuesta inmediata, reconstrucción y relanzamiento frente a los daños causados por la Depresión Aislada en Niveles Altos (DANA) en diferentes municipios entre el 28 de octubre y el 4 de noviembre de 2024."
Reales decretos,23,2026,08/09/2026,resolucion_convalidacion,otro,"Resolución de 23 de septiembre de 2026, del Congreso de los Diputados, por la que se ordena la publicación del Acuerdo de convalidación del Real Decreto-ley 23/2026, de 8 de septiembre, por el que se adoptan medidas fiscales y financieras urgentes que contribuyan a la reconstrucción económica y social de la isla de La Palma, así como medidas tendentes a promover la ejecución de inversiones por parte de las comunidades autónomas que han registrado superávits presupuestarios y excesos de financiación pendientes de aplicar de ejercicios anteriores a 2026."
Reales decretos,23,2026,08/09/2026,norma,Real Decreto-ley,"Real Decreto-ley 23/2026, de 8 de septiembre, por el que se adoptan medidas fiscales y financieras urgentes que contribuyan a la reconstrucción económica y social de la isla de La Palma, así como medidas tendentes a promover la ejecución de inversiones por parte de las comunidades autónomas que han registrado superávits presupuestarios y excesos de financiación pendientes de aplicar de ejercicios anteriores a 2026."
Reales decretos,22,2026,01/09/2026,resolucion_convalidacion,otro,"Resolución de 16 de septiembre de 2026, del Congreso de los Diputados, por la que se ordena la publicación del Acuerdo de convalidación del Real Decreto-ley 22/2026, de 1 de septiembre, por el que se aprueban medidas urgentes de carácter social y económico de apoyo a la ciudad de Ceuta."
Reales decretos,22,2026,01/09/2026,norma,Real Decreto-ley,"Real Decreto-ley 22/2026, de 1 de septiembre, por el que se aprueban medidas urgentes de carácter social y económico de apoyo a la ciudad de Ceuta."
Reales decretos,21,2026,25/08/2026,resolucion_derogacion,otro,"Resolución de 16 de septiembre de 2026, del Congreso de los Diputados, por la que se ordena la publicación del Acuerdo de derogación del Real Decreto-ley 21/2026, de 25 de agosto, de transparencia e integridad de las actividades de los grupos de interés."
Reales decretos,21,2026,25/08/2026,norma,Real Decreto-ley,"Real Decreto-ley 21/2026, de 25 de agosto, de transparencia e integridad de las actividades de los grupos de interés."
Reales decretos,20,2026,29/07/2026,norma,Real Decreto-ley,"Real Decreto-ley 20/2026, de 29 de julio, por el que se establecen medidas urgentes de protección laboral y social frente a los incendios forestales."
Reales decretos,20,2026,29/07/2026,resolucion_convalidacion,otro,"Resolución de 9 de septiembre de 2026, del Congreso de los Diputados, por la que se ordena la publicación del Acuerdo de convalidación del Real Decreto-ley 20/2026, de 29 de julio, por el que se establecen medidas urgentes de protección laboral y social frente a los incendios forestales."
Reales decretos,19,2026,29/06/2026,resolucion_convalidacion,otro,"Resolución de 23 de julio de 2026, del Congreso de los Diputados, por la que se ordena la publicación del Acuerdo de convalidación del Real Decreto-ley 19/2026, de 29 de junio, de medidas urgentes en materia de jubilación parcial anticipada del personal laboral de las Administraciones Públicas y de complemento de insularidad en Illes Balears."
Reales decretos,19,2026,29/06/2026,norma,Real Decreto-ley,"Real Decreto-ley 19/2026, de 29 de junio, de medidas urgentes en materia de jubilación parcial anticipada del personal laboral de las Administraciones Públicas y de complemento de insularidad en Illes Balears."
Reales decretos,18,2026,29/06/2026,norma,Real Decreto-ley,"Real Decreto-ley 18/2026, de 29 de junio, por el que se adoptan determinadas medidas en el marco del Plan Integral de Respuesta a la Crisis en Oriente Medio."
Reales decretos,18,2026,29/06/2026,resolucion_convalidacion,otro,"Resolución de 23 de julio de 2026, del Congreso de los Diputados, por la que se ordena la publicación del Acuerdo de convalidación del Real Decreto-ley 18/2026, de 29 de junio, por el que se adoptan determinadas medidas en el marco del Plan Integral de Respuesta a la Crisis en Oriente Medio."
Reales decretos,17,2026,23/06/2026,correccion_de_errores,otro,"Corrección de errores del Real Decreto-ley 17/2026, de 23 de junio, de medidas extraordinarias para el fortalecimiento y consolidación del Sistema para la Autonomía y Atención a la Dependencia."
Reales decretos,17,2026,23/06/2026,norma,Real Decreto-ley,"Real Decreto-ley 17/2026, de 23 de junio, de medidas extraordinarias para el fortalecimiento y consolidación del Sistema para la Autonomía y Atención a la Dependencia."
Reales decretos,17,2026,23/06/2026,resolucion_convalidacion,otro,"Resolución de 14 de julio de 2026, del Congreso de los Diputados, por la que se ordena la publicación del Acuerdo de convalidación del Real Decreto-ley 17/2026, de 23 de junio, de medidas extraordinarias para el fortalecimiento y consolidación del Sistema para la Autonomía y Atención a la Dependencia."
Reales decretos,16,2026,16/06/2026,norma,Real Decreto-ley,"Real Decreto-ley 16/2026, de 16 de junio, de medidas para garantizar la prestación del servicio público encomendado a la Corporación Radio Televisión Española, SA, S.M.E."
Reales decretos,16,2026,16/06/2026,resolucion_derogacion,otro,"Resolución de 14 de julio de 2026, del Congreso de los Diputados, por la que se ordena la publicación del Acuerdo de derogación del Real Decreto-ley 16/2026, de 16 de junio, de medidas para garantizar la prestación del servicio público encomendado a la Corporación Radio Televisión Española, SA, S.M.E."
Reales decretos,15,2026,09/06/2026,norma,Real Decreto-ley,"Real Decreto-ley 15/2026, de 9 de junio, de autorización de operaciones de crédito extraordinarias a organismos y entidades integrantes del sector público institucional estatal."
Reales decretos,15,2026,09/06/2026,resolucion_derogacion,otro,"Resolución de 25 de junio de 2026, del Congreso de los Diputados, por la que se ordena la publicación del Acuerdo de derogación del Real Decreto-ley 15/2026, de 9 de junio, de autorización de operaciones de crédito extraordinarias a organismos y entidades integrantes del sector público institucional estatal."
Reales decretos,14,2026,09/06/2026,resolucion_convalidacion,otro,"Resolución de 25 de junio de 2026, del Congreso de los Diputados, por la que se ordena la publicación del Acuerdo de convalidación del Real Decreto-ley 14/2026, de 9 de junio, de medidas de promoción del uso del transporte público colectivo por parte de la juventud para los viajes realizados en el periodo estival de 2026."
Reales decretos,14,2026,09/06/2026,norma,Real Decreto-ley,"Real Decreto-ley 14/2026, de 9 de junio, de medidas de promoción del uso del transporte público colectivo por parte de la juventud para los viajes realizados en el periodo estival de 2026."
Reales decretos,13,2026,02/06/2026,norma,Real Decreto-ley,"Real Decreto-ley 13/2026, de 2 de junio, por el que se adoptan medidas relativas a los recursos de los sistemas de financiación territorial."
Reales decretos,13,2026,02/06/2026,resolucion_convalidacion,otro,"Resolución de 18 de junio de 2026, del Congreso de los Diputados, por la que se ordena la publicación del Acuerdo de convalidación del Real Decreto-ley 13/2026, de 2 de junio, por el que se adoptan medidas relativas a los recursos de los sistemas de financiación territorial."
Reales decretos,12,2026,26/05/2026,resolucion_convalidacion,otro,"Resolución de 18 de junio de 2026, del Congreso de los Diputados, por la que se ordena la publicación del Acuerdo de convalidación del Real Decreto-ley 12/2026, de 26 de mayo, por el que se declaran diversas iniciativas y programas como acontecimientos de excepcional interés público."
Reales decretos,12,2026,26/05/2026,norma,Real Decreto-ley,"Real Decreto-ley 12/2026, de 26 de mayo, por el que se declaran diversas iniciativas y programas como acontecimientos de excepcional interés público."
Reales decretos,11,2026,12/05/2026,norma,Real Decreto-ley,"Real Decreto-ley 11/2026, de 12 de mayo, por el que se modifica la aportación de los usuarios y sus beneficiarios en la prestación farmacéutica ambulatoria."
Reales decretos,11,2026,12/05/2026,resolucion_convalidacion,otro,"Resolución de 28 de mayo de 2026, del Congreso de los Diputados, por la que se ordena la publicación del Acuerdo de convalidación del Real Decreto-ley 11/2026, de 12 de mayo, por el que se modifica la aportación de los usuarios y sus beneficiarios en la prestación farmacéutica ambulatoria."
Reales decretos,10,2026,28/04/2026,norma,Real Decreto-ley,"Real Decreto-ley 10/2026, de 28 de abril, por el que se aprueban medidas tributarias urgentes y otras medidas de apoyo en respuesta a los daños causados a las víctimas de siniestros de la DANA y otras situaciones de emergencia."
Reales decretos,10,2026,28/04/2026,resolucion_convalidacion,otro,"Resolución de 20 de mayo de 2026, del Congreso de los Diputados, por la que se ordena la publicación del Acuerdo de convalidación del Real Decreto-ley 10/2026, de 28 de abril, por el que se aprueban medidas tributarias urgentes y otras medidas de apoyo en respuesta a los daños causados a las víctimas de siniestros de la DANA y otras situaciones de emergencia."
Reales decretos,9,2026,14/04/2026,norma,Real Decreto-ley,"Real Decreto-ley 9/2026, de 14 de abril, de medidas urgentes en materia de transporte."
Reales decretos,9,2026,14/04/2026,resolucion_convalidacion,otro,"Resolución de 30 de abril de 2026, del Congreso de los Diputados, por la que se ordena la publicación del Acuerdo de convalidación del Real Decreto-ley 9/2026, de 14 de abril, de medidas urgentes en materia de transporte."
Reales decretos,8,2026,20/03/2026,norma,Real Decreto-ley,"Real Decreto-ley 8/2026, de 20 de marzo, de medidas en el alquiler en respuesta a las consecuencias económicas y sociales de la Guerra de Irán."
Reales decretos,8,2026,20/03/2026,resolucion_derogacion,otro,"Resolución de 28 de abril de 2026, del Congreso de los Diputados, por la que se ordena la publicación del Acuerdo de derogación del Real Decreto-ley 8/2026, de 20 de marzo, de medidas en el alquiler en respuesta a las consecuencias económicas y sociales de la Guerra de Irán."
Reales decretos,7,2026,20/03/2026,norma,Real Decreto-ley,"Real Decreto-ley 7/2026, de 20 de marzo, por el que se aprueba el Plan Integral de Respuesta a la Crisis en Oriente Medio."
Reales decretos,7,2026,20/03/2026,resolucion_convalidacion,otro,"Resolución de 26 de marzo de 2026, del Congreso de los Diputados, por la que se ordena la publicación del Acuerdo de convalidación del Real Decreto-ley 7/2026, de 20 de marzo, por el que se aprueba el Plan Integral de Respuesta a la Crisis en Oriente Medio."
Reales decretos,7,2026,20/03/2026,correccion_de_errores,otro,"Corrección de errores del Real Decreto-ley 7/2026, de 20 de marzo, por el que se aprueba el Plan Integral de Respuesta a la Crisis en Oriente Medio."
Reales decretos,6,2026,03/03/2026,correccion_de_errores,otro,"Corrección de errores del Real Decreto-ley 6/2026, de 3 de marzo, por el que se modifica la Ley 20/2022, de 19 de octubre, de Memoria Democrática, sobre reconocimiento a favor de personas fallecidas o con lesiones incapacitantes por su actividad en defensa y reivindicación de la Democracia."
Reales decretos,6,2026,03/03/2026,norma,Real Decreto-ley,"Real Decreto-ley 6/2026, de 3 de marzo, por el que se modifica la Ley 20/2022, de 19 de octubre, de Memoria Democrática, sobre reconocimiento a favor de personas fallecidas o con lesiones incapacitantes por su actividad en defensa y reivindicación de la Democracia."
Reales decretos,6,2026,03/03/2026,resolucion_convalidacion,otro,"Resolución de 26 de marzo de 2026, del Congreso de los Diputados, por la que se ordena la publicación del Acuerdo de convalidación del Real Decreto-ley 6/2026, de 3 de marzo, por el que se modifica la Ley 20/2022, de 19 de octubre, de Memoria Democrática, sobre reconocimiento a favor de personas fallecidas o con lesiones incapacitantes por su actividad en defensa y reivindicación de la Democracia."
Reales decretos,5,2026,17/02/2026,resolucion_convalidacion,otro,"Resolución de 18 de marzo de 2026, del Congreso de los Diputados, por la que se ordena la publicación del Acuerdo de convalidación del Real Decreto-ley 5/2026, de 17 de febrero, por el que se adoptan medidas urgentes en respuesta a los daños causados por diversos fenómenos meteorológicos adversos, de especial afectación en las comunidades autónomas de Andalucía y Extremadura."
Reales decretos,5,2026,17/02/2026,correccion_de_errores,otro,"Corrección de errores del Real Decreto-ley 5/2026, de 17 de febrero, por el que se adoptan medidas urgentes en respuesta a los daños causados por diversos fenómenos meteorológicos adversos, de especial afectación en las comunidades autónomas de Andalucía y Extremadura."
Reales decretos,5,2026,17/02/2026,norma,Real Decreto-ley,"Real Decreto-ley 5/2026, de 17 de febrero, por el que se adoptan medidas urgentes en respuesta a los daños causados por diversos fenómenos meteorológicos adversos, de especial afectación en las comunidades autónomas de Andalucía y Extremadura."
Reales decretos,4,2026,10/02/2026,resolucion_derogacion,otro,"Resolución de 26 de febrero de 2026, del Congreso de los Diputados, por la que se ordena la publicación del Acuerdo de derogación del Real Decreto-ley 4/2026, de 10 de febrero, por el que se garantiza la accesibilidad equitativa a bienes y servicios en situaciones de emergencia."
Reales decretos,4,2026,10/02/2026,norma,Real Decreto-ley,"Real Decreto-ley 4/2026, de 10 de febrero, por el que se garantiza la accesibilidad equitativa a bienes y servicios en situaciones de emergencia."
Reales decretos,3,2026,03/02/2026,norma,Real Decreto-ley,"Real Decreto-ley 3/2026, de 3 de febrero, para la revalorización de las pensiones públicas y otras medidas urgentes en materia de Seguridad Social."
Reales decretos,3,2026,03/02/2026,resolucion_convalidacion,otro,"Resolución de 26 de febrero de 2026, del Congreso de los Diputados, por la que se ordena la publicación del Acuerdo de convalidación del Real Decreto-ley 3/2026, de 3 de febrero, para la revalorización de las pensiones públicas y otras medidas urgentes en materia de Seguridad Social."
Reales decretos,2,2026,03/02/2026,norma,Real Decreto-ley,"Real Decreto-ley 2/2026, de 3 de febrero, por el que se adoptan medidas urgentes para hacer frente a situaciones de vulnerabilidad social, en materia tributaria y relativas a los recursos de los sistemas de financiación territorial."
Reales decretos,2,2026,03/02/2026,resolucion_derogacion,otro,"Resolución de 26 de febrero de 2026, del Congreso de los Diputados, por la que se ordena la publicación del Acuerdo de derogación del Real Decreto-ley 2/2026, de 3 de febrero, por el que se adoptan medidas urgentes para hacer frente a situaciones de vulnerabilidad social, en materia tributaria y relativas a los recursos de los sistemas de financiación territorial."
Reales decretos,1,2026,27/01/2026,resolucion_convalidacion,otro,"Resolución de 26 de febrero de 2026, del Congreso de los Diputados, por la que se ordena la publicación del Acuerdo de convalidación del Real Decreto-ley 1/2026, de 27 de enero, de ayudas a las víctimas de los accidentes ferroviarios de Adamuz (Córdoba) y Gélida (Barcelona)."
Reales decretos,1,2026,27/01/2026,norma,Real Decreto-ley,"Real Decreto-ley 1/2026, de 27 de enero, de ayudas a las víctimas de los accidentes ferroviarios de Adamuz (Córdoba) y Gélida (Barcelona)."
Reales decretos,1,2026,27/01/2026,correccion_de_errores,otro,"Corrección de errores del Real Decreto-ley 1/2026, de 27 de enero, de ayudas a las víctimas de los accidentes ferroviarios de Adamuz (Córdoba) y Gélida (Barcelona)."
Reales decretos,17,2025,23/12/2025,resolucion_convalidacion,otro,"Resolución de 27 de enero de 2026, del Congreso de los Diputados, por la que se ordena la publicación del Acuerdo de convalidación del Real Decreto-ley 17/2025, de 23 de diciembre, de medidas de promoción del uso del transporte público mediante la bonificación de abonos y títulos multiviaje."
Reales decretos,17,2025,23/12/2025,norma,Real Decreto-ley,"Real Decreto-ley 17/2025, de 23 de diciembre, de medidas de promoción del uso del transporte público mediante la bonificación de abonos y títulos multiviaje."
Reales decretos,16,2025,23/12/2025,resolucion_derogacion,otro,"Resolución de 27 de enero de 2026, del Congreso de los Diputados, por la que se ordena la publicación del Acuerdo de derogación del Real Decreto-ley 16/2025, de 23 de diciembre, por el que se prorrogan determinadas medidas para hacer frente a situaciones de vulnerabilidad social, y se adoptan medidas urgentes en materia tributaria y de Seguridad Social."
Reales decretos,16,2025,23/12/2025,norma,Real Decreto-ley,"Real Decreto-ley 16/2025, de 23 de diciembre, por el que se prorrogan determinadas medidas para hacer frente a situaciones de vulnerabilidad social, y se adoptan medidas urgentes en materia tributaria y de Seguridad Social."
Reales decretos,15,2025,02/12/2025,norma,Real Decreto-ley,"Real Decreto-ley 15/2025, de 2 de diciembre, por el que se adoptan medidas urgentes para favorecer la actividad inversora de las entidades locales y de las comunidades autónomas, y por el que se modifica el Real Decreto 1007/2023, de 5 de diciembre, por el que se aprueba el Reglamento que establece los requisitos que deben adoptar los sistemas y programas informáticos o electrónicos que soporten los pr"
Reales decretos,15,2025,02/12/2025,resolucion_convalidacion,otro,"Resolución de 11 de diciembre de 2025, del Congreso de los Diputados, por la que se ordena la publicación del Acuerdo de convalidación del Real Decreto-ley 15/2025, de 2 de diciembre, por el que se adoptan medidas urgentes para favorecer la actividad inversora de las entidades locales y de las comunidades autónomas, y por el que se modifica el Real Decreto 1007/2023, de 5 de diciembre, por el que se aprueba el Reglamento que establece los requisitos que deben adoptar los sistemas y programas informáticos o electrónicos que soporten los procesos de facturación de empresarios y profesionales, y la estandarización de formatos de los registros de facturación."
Reales decretos,14,2025,02/12/2025,norma,Real Decreto-ley,"Real Decreto-ley 14/2025, de 2 de diciembre, por el que se aprueban medidas urgentes en materia de retribuciones en el ámbito del sector público."
Reales decretos,14,2025,02/12/2025,resolucion_convalidacion,otro,"Resolución de 11 de diciembre de 2025, del Congreso de los Diputados, por la que se ordena la publicación del Acuerdo de convalidación del Real Decreto-ley 14/2025, de 2 de diciembre, por el que se aprueban medidas urgentes en materia de retribuciones en el ámbito del sector público."
Reales decretos,13,2025,25/11/2025,resolucion_convalidacion,otro,"Resolución de 11 de diciembre de 2025, del Congreso de los Diputados, por la que se ordena la publicación del Acuerdo de convalidación del Real Decreto-ley 13/2025, de 25 de noviembre, por el que se adoptan medidas complementarias urgentes para la recuperación económica y social de la isla de La Palma tras los daños ocasionados por las erupciones volcánicas."
Reales decretos,13,2025,25/11/2025,norma,Real Decreto-ley,"Real Decreto-ley 13/2025, de 25 de noviembre, por el que se adoptan medidas complementarias urgentes para la recuperación económica y social de la isla de La Palma tras los daños ocasionados por las erupciones volcánicas."
Reales decretos,12,2025,28/10/2025,resolucion_convalidacion,otro,"Resolución de 27 de noviembre de 2025, del Congreso de los Diputados, por la que se ordena la publicación del Acuerdo de convalidación del Real Decreto-ley 12/2025, de 28 de octubre, por el que se adoptan medidas urgentes de reactivación, refuerzo y prevención en el marco del Plan de respuesta inmediata, reconstrucción y relanzamiento frente a los daños causados por la Depresión Aislada en Niveles Altos (DANA) en diferentes municipios entre el 28 de octubre y el 4 de noviembre de 2024."
Reales decretos,12,2025,28/10/2025,norma,Real Decreto-ley,"Real Decreto-ley 12/2025, de 28 de octubre, por el que se adoptan medidas urgentes de reactivación, refuerzo y prevención en el marco del Plan de respuesta inmediata, reconstrucción y relanzamiento frente a los daños causados por la Depresión Aislada en Niveles Altos (DANA) en diferentes municipios entre el 28 de octubre y el 4 de noviembre de 2024."
Reales decretos,11,2025,21/10/2025,norma,Real Decreto-ley,"Real Decreto-ley 11/2025, de 21 de octubre, por el que se establecen medidas para el fortalecimiento del Sistema para la Autonomía y Atención a la Dependencia y cumplir con las obligaciones establecidas en la Ley 3/2024, de 30 de octubre, para mejorar la calidad de vida de las personas con Esclerosis Lateral Amiotrófica y otras enfermedades o procesos de alta complejidad y curso irreversible."
Reales decretos,11,2025,21/10/2025,resolucion_convalidacion,otro,"Resolución de 19 de noviembre de 2025, del Congreso de los Diputados, por la que se ordena la publicación del Acuerdo de convalidación del Real Decreto-ley 11/2025, de 21 de octubre, por el que se establecen medidas para el fortalecimiento del Sistema para la Autonomía y Atención a la Dependencia y cumplir con las obligaciones establecidas en la Ley 3/2024, de 30 de octubre, para mejorar la calidad de vida de las personas con Esclerosis Lateral Amiotrófica y otras enfermedades o procesos de alta complejidad y curso irreversible."
Reales decretos,10,2025,23/09/2025,norma,Real Decreto-ley,"Real Decreto-ley 10/2025, de 23 de septiembre, por el que se adoptan medidas urgentes contra el genocidio en Gaza y de apoyo a la población palestina."
Reales decretos,10,2025,23/09/2025,resolucion_convalidacion,otro,"Resolución de 8 de octubre de 2025, del Congreso de los Diputados, por la que se ordena la publicación del Acuerdo de convalidación del Real Decreto-ley 10/2025, de 23 de septiembre, por el que se adoptan medidas urgentes contra el genocidio en Gaza y de apoyo a la población palestina."
Reales decretos,9,2025,29/07/2025,norma,Real Decreto-ley,"Real Decreto-ley 9/2025, de 29 de julio, por el que se amplía el permiso de nacimiento y cuidado, mediante la modificación del texto refundido de la Ley del Estatuto de los Trabajadores, aprobado por el Real Decreto Legislativo 2/2015, de 23 de octubre, el texto refundido de la Ley del Estatuto Básico del Empleado Público, aprobado por el Real Decreto Legislativo 5/2015, de 30 de octubre, y el texto refundido de la Ley General de la Seguridad Social, aprobado por el Real Decreto Legislativo 8/2015, de 30 de octubre, para completar la transposición de la Directiva (UE) 2019/1158 del Parlamento Europeo y del Consejo, de 20 de junio de 2019, relativa a la conciliación de la vida familiar y la vida profesional de los progenitores y los cuidadores, y por la que se deroga la Directiva 2010/18/UE del Consejo."
Reales decretos,9,2025,29/07/2025,resolucion_convalidacion,otro,"Resolución de 9 de septiembre de 2025, del Congreso de los Diputados, por la que se ordena la publicación del Acuerdo de convalidación del Real Decreto-ley 9/2025, de 29 de julio, por el que se amplía el permiso de nacimiento y cuidado, mediante la modificación del texto refundido de la Ley del Estatuto de los Trabajadores, aprobado por el Real Decreto Legislativo 2/2015, de 23 de octubre, el texto refundido de la Ley del Estatuto Básico del Empleado Público, aprobado por el Real Decreto Legislativo 5/2015, de 30 de octubre, y el texto refundido de la Ley General de la Seguridad Social, aprobado por el Real Decreto Legislativo 8/2015, de 30 de octubre, para completar la transposición de la Directiva (UE) 2019/1158 del Parlamento Europeo y del Consejo, de 20 de junio de 2019, relativa a la conciliación de la vida familiar y la vida profesional de los progenitores y los cuidadores, y por la que se deroga la Directiva 2010/18/UE del Consejo."
Reales decretos,8,2025,08/07/2025,norma,Real Decreto-ley,"Real Decreto-ley 8/2025, de 8 de julio, por el que se declaran diversas iniciativas y programas como acontecimientos de excepcional interés público."
Reales decretos,8,2025,08/07/2025,resolucion_convalidacion,otro,"Resolución de 22 de julio de 2025, del Congreso de los Diputados, por la que se ordena la publicación del Acuerdo de convalidación del Real Decreto-ley 8/2025, de 8 de julio, por el que se declaran diversas iniciativas y programas como acontecimientos de excepcional interés público."
Reales decretos,7,2025,24/06/2025,resolucion_derogacion,otro,"Resolución de 22 de julio de 2025, del Congreso de los Diputados, por la que se ordena la publicación del Acuerdo de derogación del Real Decreto-ley 7/2025, de 24 de junio, por el que se aprueban medidas urgentes para el refuerzo del sistema eléctrico."
Reales decretos,7,2025,24/06/2025,norma,Real Decreto-ley,"Real Decreto-ley 7/2025, de 24 de junio, por el que se aprueban medidas urgentes para el refuerzo del sistema eléctrico."
Reales decretos,6,2025,17/06/2025,resolucion_convalidacion,otro,"Resolución de 22 de julio de 2025, del Congreso de los Diputados, por la que se ordena la publicación del Acuerdo de convalidación del Real Decreto-ley 6/2025, de 17 de junio, por el que se adoptan medidas relativas a los recursos de los sistemas de financiación territorial."
Reales decretos,6,2025,17/06/2025,norma,Real Decreto-ley,"Real Decreto-ley 6/2025, de 17 de junio, por el que se adoptan medidas relativas a los recursos de los sistemas de financiación territorial."
Reales decretos,5,2025,10/06/2025,norma,Real Decreto-ley,"Real Decreto-ley 5/2025, de 10 de junio, de medidas de promoción del uso del transporte público colectivo por parte de la juventud para los viajes realizados en el periodo estival de 2025."
Reales decretos,5,2025,10/06/2025,correccion_de_errores,otro,"Corrección de errores del Real Decreto-ley 5/2025, de 10 de junio, de medidas de promoción del uso del transporte público colectivo por parte de la juventud para los viajes realizados en el periodo estival de 2025."
Reales decretos,5,2025,10/06/2025,resolucion_convalidacion,otro,"Resolución de 26 de junio de 2025, del Congreso de los Diputados, por la que se ordena la publicación del Acuerdo de convalidación del Real Decreto-ley 5/2025, de 10 de junio, de medidas de promoción del uso del transporte público colectivo por parte de la juventud para los viajes realizados en el periodo estival de 2025."
Reales decretos,4,2025,08/04/2025,norma,Real Decreto-ley,"Real Decreto-ley 4/2025, de 8 de abril, de medidas urgentes de respuesta a la amenaza arancelaria y de relanzamiento comercial."
Reales decretos,4,2025,08/04/2025,resolucion_convalidacion,otro,"Resolución de 8 de mayo de 2025, del Congreso de los Diputados, por la que se ordena la publicación del Acuerdo de convalidación del Real Decreto-ley 4/2025, de 8 de abril, de medidas urgentes de respuesta a la amenaza arancelaria y de relanzamiento comercial."
Reales decretos,3,2025,01/04/2025,norma,Real Decreto-ley,"Real Decreto-ley 3/2025, de 1 de abril, por el que se establece el programa de incentivos ligados a la movilidad eléctrica (MOVES III) para el año 2025."
Reales decretos,3,2025,01/04/2025,correccion_de_errores,otro,"Corrección de errores del Real Decreto-ley 3/2025, de 1 de abril, por el que se establece el programa de incentivos ligados a la movilidad eléctrica (MOVES III) para el año 2025."
Reales decretos,3,2025,01/04/2025,resolucion_convalidacion,otro,"Resolución de 10 de abril de 2025, del Congreso de los Diputados, por la que se ordena la publicación del Acuerdo de convalidación del Real Decreto-ley 3/2025, de 1 de abril, por el que se establece el programa de incentivos ligados a la movilidad eléctrica (MOVES III) para el año 2025."
Reales decretos,2,2025,18/03/2025,norma,Real Decreto-ley,"Real Decreto-ley 2/2025, de 18 de marzo, por el que se aprueban medidas urgentes para la garantía del interés superior de la infancia y la adolescencia ante situaciones de contingencias migratorias extraordinarias."
Reales decretos,2,2025,18/03/2025,resolucion_convalidacion,otro,"Resolución de 10 de abril de 2025, del Congreso de los Diputados, por la que se ordena la publicación del Acuerdo de convalidación del Real Decreto-ley 2/2025, de 18 de marzo, por el que se aprueban medidas urgentes para la garantía del interés superior de la infancia y adolescencia ante situaciones de contingencias migratorias extraordinarias."
Reales decretos,1,2025,28/01/2025,resolucion_convalidacion,otro,"Resolución de 12 de febrero de 2025, del Congreso de los Diputados, por la que se ordena la publicación del Acuerdo de convalidación del Real Decreto-ley 1/2025, de 28 de enero, por el que se aprueban medidas urgentes en materia económica, de transporte, de Seguridad Social, y para hacer frente a situaciones de vulnerabilidad"
Reales decretos,1,2025,28/01/2025,norma,Real Decreto-ley,"Real Decreto-ley 1/2025, de 28 de enero, por el que se aprueban medidas urgentes en materia económica, de transporte, de Seguridad Social, y para hacer frente a situaciones de vulnerabilidad."
Reales decretos,11,2024,23/12/2024,resolucion_convalidacion,otro,"Resolución de 22 de enero de 2025, del Congreso de los Diputados, por la que se ordena la publicación del Acuerdo de convalidación del Real Decreto-ley 11/2024, de 23 de diciembre, para la mejora de la compatibilidad de la pensión de jubilación con el trabajo."
Reales decretos,11,2024,23/12/2024,norma,Real Decreto-ley,"Real Decreto-ley 11/2024, de 23 de diciembre, para la mejora de la compatibilidad de la pensión de jubilación con el trabajo."
Reales decretos,10,2024,23/12/2024,norma,Real Decreto-ley,"Real Decreto-ley 10/2024, de 23 de diciembre, para el establecimiento de un gravamen temporal energético durante el año 2025."
Reales decretos,10,2024,23/12/2024,resolucion_derogacion,otro,"Resolución de 22 de enero de 2025, del Congreso de los Diputados, por la que se ordena la publicación del Acuerdo de derogación del Real Decreto-ley 10/2024, de 23 de diciembre, para el establecimiento de un gravamen temporal energético durante el año 2025."
Reales decretos,9,2024,23/12/2024,resolucion_derogacion,otro,"Resolución de 22 de enero de 2025, del Congreso de los Diputados, por la que se ordena la publicación del Acuerdo de derogación del Real Decreto-ley 9/2024, de 23 de diciembre, por el que se adoptan medidas urgentes en materia económica, tributaria, de transporte, y de Seguridad Social, y se prorrogan determinadas medidas para hacer frente a situaciones de vulnerabilidad social."
Reales decretos,9,2024,23/12/2024,norma,Real Decreto-ley,"Real Decreto-ley 9/2024, de 23 de diciembre, por el que se adoptan medidas urgentes en materia económica, tributaria, de transporte, y de Seguridad Social, y se prorrogan determinadas medidas para hacer frente a situaciones de vulnerabilidad social."
Reales decretos,9,2024,23/12/2024,correccion_de_errores,otro,"Corrección de errores del Real Decreto-ley 9/2024, de 23 de diciembre, por el que se adoptan medidas urgentes en materia económica, tributaria, de transporte y de Seguridad Social, y se prorrogan determinadas medidas para hacer frente a situaciones de vulnerabilidad social."
Reales decretos,8,2024,28/11/2024,resolucion_convalidacion,otro,"Resolución de 19 de diciembre de 2024, del Congreso de los Diputados, por la que se ordena la publicación del Acuerdo de convalidación del Real Decreto-ley 8/2024, de 28 de noviembre, por el que se adoptan medidas urgentes complementarias en el marco del Plan de respuesta inmediata, reconstrucción y relanzamiento frente a los daños causados por la Depresión Aislada en Niveles Altos (DANA) en diferentes municipios entre el 28 de octubre y el 4 de noviembre de 2024."
Reales decretos,8,2024,28/11/2024,norma,Real Decreto-ley,"Real Decreto-ley 8/2024, de 28 de noviembre, por el que se adoptan medidas urgentes complementarias en el marco del Plan de respuesta inmediata, reconstrucción y relanzamiento frente a los daños causados por la Depresión Aislada en Niveles Altos (DANA) en diferentes municipios entre el 28 de octubre y el 4 de noviembre de 2024."
Reales decretos,8,2024,28/11/2024,correccion_de_errores,otro,"Corrección de errores del Real Decreto-ley 8/2024, de 28 de noviembre, por el que se adoptan medidas urgentes complementarias en el marco del Plan de respuesta inmediata, reconstrucción y relanzamiento frente a los daños causados por la Depresión Aislada en Niveles Altos (DANA) en diferentes municipios entre el 28 de octubre y el 4 de noviembre de 2024."
Reales decretos,7,2024,11/11/2024,norma,Real Decreto-ley,"Real Decreto-ley 7/2024, de 11 de noviembre, por el que se adoptan medidas urgentes para el impulso del Plan de respuesta inmediata, reconstrucción y relanzamiento frente a los daños causados por la Depresión Aislada en Niveles Altos (DANA) en diferentes municipios entre el 28 de octubre y el 4 de noviembre de 2024."
Reales decretos,6,2024,05/11/2024,resolucion_convalidacion,otro,"Resolución de 21 de noviembre de 2024, del Congreso de los Diputados, por la que se ordena la publicación del Acuerdo de convalidación del Real Decreto-ley 6/2024, de 5 de noviembre, por el que se adoptan medidas urgentes de respuesta ante los daños causados por la Depresión Aislada en Niveles Altos (DANA) en diferentes municipios entre el 28 de octubre y el 4 de noviembre de 2024."
Reales decretos,6,2024,05/11/2024,norma,Real Decreto-ley,"Real Decreto-ley 6/2024, de 5 de noviembre, por el que se adoptan medidas urgentes de respuesta ante los daños causados por la Depresión Aislada en Niveles Altos (DANA) en diferentes municipios entre el 28 de octubre y el 4 de noviembre de 2024."
Reales decretos,6,2024,05/11/2024,correccion_de_errores,otro,"Corrección de errores del Real Decreto-ley 6/2024, de 5 de noviembre, por el que se adoptan medidas urgentes de respuesta ante los daños causados por la Depresión Aislada en Niveles Altos (DANA) en diferentes municipios entre el 28 de octubre y el 4 de noviembre de 2024."
Reales decretos,5,2024,22/10/2024,resolucion_convalidacion,otro,"Resolución de 30 de octubre de 2024, del Congreso de los Diputados, por la que se ordena la publicación del Acuerdo de convalidación del Real Decreto-ley 5/2024, de 22 de octubre, por el que se modifica la Ley 17/2006, de 5 de junio, de la radio y la televisión de titularidad estatal, para adoptar medidas urgentes relativas al régimen jurídico aplicable a la Corporación RTVE."
Reales decretos,5,2024,22/10/2024,norma,Real Decreto-ley,"Real Decreto-ley 5/2024, de 22 de octubre, por el que se modifica la Ley 17/2006, de 5 de junio, de la radio y la televisión de titularidad estatal, para adoptar medidas urgentes relativas al régimen jurídico aplicable a la Corporación RTVE."
Reales decretos,4,2024,26/06/2024,norma,Real Decreto-ley,"Real Decreto-ley 4/2024, de 26 de junio, por el que se prorrogan determinadas medidas para afrontar las consecuencias económicas y sociales derivadas de los conflictos en Ucrania y Oriente Próximo y se adoptan medidas urgentes en materia fiscal, energética y social."
Reales decretos,4,2024,26/06/2024,resolucion_convalidacion,otro,"Resolución de 23 de julio de 2024, del Congreso de los Diputados, por la que se ordena la publicación del Acuerdo de convalidación del Real Decreto-ley 4/2024, de 26 de junio, por el que se prorrogan determinadas medidas para afrontar las consecuencias económicas y sociales derivadas de los conflictos en Ucrania y Oriente Próximo y se adoptan medidas urgentes en materia fiscal, energética y social."
Reales decretos,3,2024,04/06/2024,correccion_de_errores,otro,"Corrección de errores del Real Decreto-ley 3/2024, de 4 de junio, de medidas de promoción del uso del transporte público colectivo terrestre por parte de los jóvenes para los viajes realizados en el periodo estival de 2024."
Reales decretos,3,2024,04/06/2024,norma,Real Decreto-ley,"Real Decreto-ley 3/2024, de 4 de junio, de medidas de promoción del uso del transporte público colectivo terrestre por parte de los jóvenes para los viajes realizados en el periodo estival de 2024."
Reales decretos,3,2024,04/06/2024,resolucion_convalidacion,otro,"Resolución de 20 de junio de 2024, del Congreso de los Diputados, por la que se ordena la publicación del Acuerdo de convalidación del Real Decreto-ley 3/2024, de 4 de junio, de medidas de promoción del uso del transporte público colectivo terrestre por parte de los jóvenes para los viajes realizados en el periodo estival de 2024."
Reales decretos,2,2024,21/05/2024,correccion_de_errores,otro,"Corrección de errores del Real Decreto-ley 2/2024, de 21 de mayo, por el que se adoptan medidas urgentes para la simplificación y mejora del nivel asistencial de la protección por desempleo, y para completar la transposición de la Directiva (UE) 2019/1158 del Parlamento Europeo y del Consejo, de 20 de junio de 2019, relativa a la conciliación de la vida familiar y la vida profesional de los progenitores y los cuidadores, y por la que se deroga la Directiva 2010/18/UE del Consejo."
Reales decretos,2,2024,21/05/2024,norma,Real Decreto-ley,"Real Decreto-ley 2/2024, de 21 de mayo, por el que se adoptan medidas urgentes para la simplificación y mejora del nivel asistencial de la protección por desempleo, y para completar la transposición de la Directiva (UE) 2019/1158 del Parlamento Europeo y del Consejo, de 20 de junio de 2019, relativa a la conciliación de la vida familiar y la vida profesional de los progenitores y los cuidadores, y por la que se deroga la Directiva 2010/18/UE del Consejo."
Reales decretos,2,2024,21/05/2024,resolucion_convalidacion,otro,"Resolución de 20 de junio de 2024, del Congreso de los Diputados, por la que se ordena la publicación del Acuerdo de convalidación del Real Decreto-ley 2/2024, de 21 de mayo, por el que se adoptan medidas urgentes para la simplificación y mejora del nivel asistencial de la protección por desempleo, y para completar la transposición de la Directiva (UE) 2019/1158 del Parlamento Europeo y del Consejo, de 20 de junio de 2019, relativa a la conciliación de la vida familiar y la vida profesional de los progenitores y los cuidadores, y por la que se deroga la Directiva 2010/18/UE del Consejo."
Reales decretos,1,2024,14/05/2024,resolucion_convalidacion,otro,"Resolución de 13 de junio de 2024, del Congreso de los Diputados, por la que se ordena la publicación del Acuerdo de convalidación del Real Decreto-ley 1/2024, de 14 de mayo, por el que se prorrogan las medidas de suspensión de lanzamientos sobre la vivienda habitual para la protección de los colectivos vulnerables."
Reales decretos,1,2024,14/05/2024,norma,Real Decreto-ley,"Real Decreto-ley 1/2024, de 14 de mayo, por el que se prorrogan las medidas de suspensión de lanzamientos sobre la vivienda habitual para la protección de los colectivos vulnerables."
Reales decretos,8,2023,27/12/2023,norma,Real Decreto-ley,"Real Decreto-ley 8/2023, de 27 de diciembre, por el que se adoptan medidas para afrontar las consecuencias económicas y sociales derivadas de los conflictos en Ucrania y Oriente Próximo, así como para paliar los efectos de la sequía."
Reales decretos,7,2023,19/12/2023,correccion_de_errores,otro,"Corrección de errores del Real Decreto-ley 7/2023, de 19 de diciembre, por el que se adoptan medidas urgentes, para completar la transposición de la Directiva (UE) 2019/1158, del Parlamento Europeo y del Consejo, de 20 de junio de 2019, relativa a la conciliación de la vida familiar y la vida profesional de los progenitores y los cuidadores, y por la que se deroga la Directiva 2010/18/UE del Consejo, y para la simplificación y mejora del nivel asistencial de la protección por desempleo."
Reales decretos,7,2023,19/12/2023,norma,Real Decreto-ley,"Real Decreto-ley 7/2023, de 19 de diciembre, por el que se adoptan medidas urgentes, para completar la transposición de la Directiva (UE) 2019/1158, del Parlamento Europeo y del Consejo, de 20 de junio de 2019, relativa a la conciliación de la vida familiar y la vida profesional de los progenitores y los cuidadores, y por la que se deroga la Directiva 2010/18/UE del Consejo, y para la simplificación y mejora del nivel asistencial de la protección por desempleo."
Reales decretos,6,2023,19/12/2023,norma,Real Decreto-ley,"Real Decreto-ley 6/2023, de 19 de diciembre, por el que se aprueban medidas urgentes para la ejecución del Plan de Recuperación, Transformación y Resiliencia en materia de servicio público de justicia, función pública, régimen local y mecenazgo."
Leyes organicas,3,2026,29/07/2026,norma,Ley Orgánica,"Ley Orgánica 3/2026, de 29 de julio, de transferencia de la titularidad y competencias de la autopista del Atlántico (AP-9) a la Comunidad Autónoma de Galicia."
Leyes organicas,2,2026,30/06/2026,norma,Ley Orgánica,"Ley Orgánica 2/2026, de 30 de junio, de modificación de la Ley Orgánica 5/1985, de 19 de junio, del Régimen Electoral General, para adaptarla a la reforma del apartado 3 del artículo 69 de la Constitución."
Leyes organicas,1,2026,08/04/2026,norma,Ley Orgánica,"Ley Orgánica 1/2026, de 8 de abril, en materia de multirreincidencia, por la que se modifica la Ley Orgánica 10/1995, de 23 de noviembre, del Código Penal y la Ley de Enjuiciamiento Criminal, aprobada por Real Decreto de 14 de septiembre de 1882."
Leyes organicas,1,2026,08/04/2026,correccion_de_errores,otro,"Corrección de errores de la Ley Orgánica 1/2026, de 8 de abril, en materia de multirreincidencia, por la que se modifica la Ley Orgánica 10/1995, de 23 de noviembre, del Código Penal y la Ley de Enjuiciamiento Criminal, aprobada por Real Decreto de 14 de septiembre de 1882."
Leyes organicas,3,2025,27/06/2025,norma,Ley Orgánica,"Ley Orgánica 3/2025, de 27 de junio, por la que se modifica la Ley Orgánica 1/2002, de 22 de marzo, reguladora del derecho de asociación."
Leyes organicas,2,2025,03/06/2025,norma,Ley Orgánica,"Ley Orgánica 2/2025, de 3 de junio, por la que se autoriza la ratificación de cuatro enmiendas al artículo 8.2 del Estatuto de Roma de la Corte Penal Internacional."
Leyes organicas,1,2025,02/01/2025,correccion_de_errores,otro,"Corrección de errores de la Ley Orgánica 1/2025, de 2 de enero, de medidas en materia de eficiencia del Servicio Público de Justicia."
Leyes organicas,1,2025,02/01/2025,norma,Ley Orgánica,"Ley Orgánica 1/2025, de 2 de enero, de medidas en materia de eficiencia del Servicio Público de Justicia."
Leyes organicas,6,2024,05/12/2024,norma,Ley Orgánica,"Ley Orgánica 6/2024, de 5 de diciembre, por la que se modifica la Ley Orgánica 13/1982, de 10 de agosto, de reintegración y amejoramiento del Régimen Foral de Navarra, en cuanto a tráfico, circulación de vehículos de motor y seguridad vial."
Leyes organicas,5,2024,11/11/2024,norma,Ley Orgánica,"Ley Orgánica 5/2024, de 11 de noviembre, del Derecho de Defensa"
Leyes organicas,4,2024,18/10/2024,norma,Ley Orgánica,"Ley Orgánica 4/2024, de 18 de octubre, por la que se modifica la Ley Orgánica 7/2014, de 12 de noviembre, sobre intercambio de información de antecedentes penales y consideración de resoluciones judiciales penales en la Unión Europea, para su adecuación a la normativa de la Unión Europea sobre el Sistema Europeo de Información de Antecedentes Penales (ECRIS)."
Leyes organicas,3,2024,02/08/2024,norma,Ley Orgánica,"Ley Orgánica 3/2024, de 2 de agosto, de reforma de la Ley Orgánica 6/1985, de 1 de julio, del Poder Judicial y de reforma de la Ley 50/1981, de 30 de diciembre, por la que se regula el Estatuto Orgánico del Ministerio Fiscal."
Leyes organicas,2,2024,01/08/2024,norma,Ley Orgánica,"Ley Orgánica 2/2024, de 1 de agosto, de representación paritaria y presencia equilibrada de mujeres y hombres."
Leyes organicas,1,2024,10/06/2024,norma,Ley Orgánica,"Ley Orgánica 1/2024, de 10 de junio, de amnistía para la normalización institucional, política y social en Cataluña."
